bin,sample_count,mean_predicted_probability,empirical_win_rate,calibration_gap
"(-0.001, 0.1]",0,,,
"(0.1, 0.2]",0,,,
"(0.2, 0.3]",0,,,
"(0.3, 0.4]",0,,,
"(0.4, 0.5]",0,,,
"(0.5, 0.6]",0,,,
"(0.6, 0.7]",0,,,
"(0.7, 0.8]",1185,0.7760811893385218,0.4286919831223629,0.3473892062161589
"(0.8, 0.9]",2251,0.8078392816714222,0.9906708129720124,-0.18283153130059027
"(0.9, 1.0]",0,,,
