fold,log_loss,brier_score
1.0,0.4771776559519929,0.14991312591526687
2.0,0.515682394176399,0.16657619855388991
3.0,0.5317729649977104,0.173634091721836
4.0,0.4873461379044049,0.15436201686366396
