bin,sample_count,mean_predicted_probability,empirical_win_rate,calibration_gap
"(-0.001, 0.1]",0,,,
"(0.1, 0.2]",0,,,
"(0.2, 0.3]",0,,,
"(0.3, 0.4]",0,,,
"(0.4, 0.5]",789,0.473322243783784,0.0012674271229404308,0.4720548166608436
"(0.5, 0.6]",1760,0.5574886311064481,0.60625,-0.04876136889355187
"(0.6, 0.7]",887,0.6163951828384173,1.0,-0.3836048171615827
"(0.7, 0.8]",0,,,
"(0.8, 0.9]",0,,,
"(0.9, 1.0]",0,,,
