bin,sample_count,mean_predicted_probability,empirical_win_rate,calibration_gap
"(-0.001, 0.1]",0,,,
"(0.1, 0.2]",0,,,
"(0.2, 0.3]",0,,,
"(0.3, 0.4]",220,0.3859240101596587,0.740909090909091,-0.35498508074943225
"(0.4, 0.5]",1130,0.4504660088476437,0.8663716814159292,-0.41590567256828553
"(0.5, 0.6]",1147,0.5507698194983606,0.998256320836966,-0.44748650133860546
"(0.6, 0.7]",939,0.6412504518578643,1.0,-0.35874954814213567
"(0.7, 0.8]",0,,,
"(0.8, 0.9]",0,,,
"(0.9, 1.0]",0,,,
